mode,stream_count,pods,throughput,p50,p99,knee_pods,knee_throughput,knee_p50,knee_p99,pod_mem_mb,pod_mem_p50_mb,saturated,status,reason
memory,1000,2,112530.86666666667,0.911,4.767,1,100616.4,0.518,2.443,31,19,True,ok,plateau
wal,1000,4,55448.666666666664,,,2,37571.066666666666,2.855,13.535,30,22,False,ok,ladder_exhausted
memory,10000,1,63723.46666666667,0.625,7.031,1,63723.46666666667,0.646,6.207,70,61,True,ok,plateau
wal,10000,4,48204.666666666664,,,2,36839.86666666667,3.039,11.167,79,67,False,ok,ladder_exhausted
memory,50000,1,22731.066666666666,1.574,36.991,2,14834.733333333334,3.915,67.135,233,227,True,ok,plateau
wal,50000,4,27846.13333333333,,,2,20852.13333333333,5.047,26.479,253,247,False,ok,ladder_exhausted
memory,100000,1,17723.266666666666,1.971,37.087,2,12726.4,4.967,78.527,457,346,True,ok,plateau
wal,100000,2,10376.133333333333,6.995,158.463,1,7124.866666666667,6.127,59.519,468,369,True,ok,plateau
wal,200000,2,6725.200000000001,15.703,183.807,1,5685.133333333333,8.559,62.463,922,529,True,ok,plateau
