ts_ms,rss_bytes,cpu_ticks
1781830286252,94654464,117151
1781830287449,94654464,117151
1781830288652,94654464,117151
1781830289852,94654464,117151
1781830291247,94654464,117151
1781830292352,94654464,117151
1781830293548,94654464,117151
1781830294747,94654464,117151
1781830295851,94654464,117151
1781830297147,94654464,117151
1781830298250,94654464,117151
1781830299647,94654464,117151
1781830300850,94654464,117151
1781830301951,94654464,117151
1781830303250,94654464,117151
1781830304452,94654464,117151
1781830305651,94654464,117151
1781830306949,94654464,117151
1781830308152,94654464,117151
1781830309447,94654464,117151
1781830310647,94654464,117151
1781830311847,94654464,117151
1781830312952,94654464,117151
1781830314348,94654464,117151
1781830315451,94654464,117151
1781830316648,94654464,117151
1781830317852,94654464,117151
1781830319050,94654464,117151
1781830320347,94654464,117151
1781830321548,94654464,117151
1781830322653,94654464,117151
1781830323949,94654464,117151
1781830325248,94654464,117151
1781830326447,94654464,117151
1781830327647,94654464,117151
1781830328847,94654464,117151
1781830330147,94654464,117151
1781830331348,94654464,117151
1781830332549,94654464,117151
1781830333748,94654464,117151
1781830334946,94654464,117151
1781830336052,94654464,117151
1781830337350,94654464,117151
1781830338549,94654464,117151
1781830339750,94654464,117151
1781830340852,94654464,117151
1781830342050,94654464,117151
1781830343347,94654464,117151
1781830344550,94654464,117151
1781830345751,94654464,117151
1781830347147,94654464,117151
1781830348352,94654464,117151
1781830349652,94654464,117151
1781830350851,94654464,117151
1781830352048,94654464,117151
1781830353251,94654464,117151
1781830354552,94654464,117151
1781830355747,94654464,117151
1781830356950,94654464,117151
1781830358147,94654464,117151
1781830359448,94654464,117151
1781830360650,94654464,117151
1781830361848,94654464,117151
1781830363047,94654464,117151
1781830364251,94654464,117151
1781830365448,94654464,117151
1781830366649,94654464,117151
1781830367749,94654464,117151
1781830368852,94654464,117151
1781830370052,94654464,117151
1781830371447,94654464,117151
1781830372549,94654464,117151
1781830373847,94654464,117151
1781830375052,94654464,117151
1781830376250,94654464,117151
1781830377448,94654464,117151
1781830378648,94654464,117151
1781830379951,94654464,117151
1781830381150,94654464,117151
1781830382352,94654464,117151
1781830383648,94654464,117151
1781830384950,94654464,117151
1781830386150,94654464,117151
1781830387348,94654464,117151
1781830388552,94654464,117151
1781830389847,94654464,117151
1781830390952,94654464,117151
1781830392250,94654464,117151
1781830393450,94654464,117151
1781830394647,94654464,117151
1781830395848,94654464,117151
1781830396952,94654464,117151
1781830398346,94654464,117151
1781830399551,94654464,117151
1781830400748,94654464,117151
1781830401952,94654464,117151
1781830403248,94654464,117151
1781830404452,94654464,117151
1781830405748,94654464,117151
1781830406852,94654464,117151
1781830408051,94654464,117151
1781830409251,94654464,117151
1781830410547,94654464,117151
1781830411650,94654464,117151
1781830412948,94654464,117151
1781830414053,94654464,117151
1781830415447,94654464,117151
1781830416649,94654464,117151
1781830417848,94654464,117151
1781830419049,94654464,117151
1781830420249,94654464,117151
1781830421452,94654464,117151
1781830422652,94654464,117151
1781830423949,94654464,117151
1781830425152,94654464,117151
1781830426349,94654464,117151
1781830427548,94654464,117151
1781830428650,94654464,117151
1781830429851,94654464,117151
1781830431047,94654464,117151
1781830432446,94654464,117151
1781830433647,94654464,117151
1781830434752,94654464,117151
1781830435951,94654464,117151
1781830437247,94654464,117151
1781830438447,94654464,117151
1781830439650,94654464,117151
1781830441047,94654464,117151
1781830442246,94654464,117151
1781830443446,94654464,117151
1781830444648,94654464,117151
1781830445850,94654464,117151
1781830447051,94654464,117151
1781830448450,94654464,117151
1781830449652,94654464,117151
1781830451047,94654464,117151
1781830452150,94654464,117151
1781830453352,94654464,117151
1781830454550,94654464,117151
1781830455847,94654464,117151
1781830456951,94654464,117151
1781830458152,94654464,117151
1781830459352,94654464,117151
1781830460647,94654464,117151
1781830461753,94654464,117151
1781830462949,94654464,117151
1781830464150,94654464,117151
1781830465352,94654464,117151
1781830466551,94654464,117151
1781830467748,94654464,117151
1781830468948,94654464,117151
